iter	Logloss
0	0.5800329897
1	0.4935379464
